{
  "system": {
    "timestamp_utc": "2026-07-19T05:07:53.796071+00:00",
    "platform": "Linux-6.8.0-57-generic-x86_64-with-glibc2.35",
    "python_version": "3.11.10 (main, Sep  7 2024, 18:35:41) [GCC 11.4.0]",
    "pytorch_version": "2.4.1+cu124",
    "transformers_version": "5.5.0",
    "cuda_available": true,
    "cuda_version": "12.4",
    "device": "cuda",
    "gpu": {
      "name": "NVIDIA A40",
      "total_memory_bytes": 47708110848,
      "multi_processor_count": 84,
      "major": 8,
      "minor": 6
    }
  },
  "run": {
    "wall_time_seconds": 530.8762922482565,
    "wall_time_minutes": 8.84793820413761,
    "save_dir": "/workspace/runs/5-each-nothinklowce",
    "dataset_path": "/workspace/tunedataset_600v2.jsonl",
    "dataset_examples": 665,
    "epochs": 5,
    "steps_total": 1665,
    "steps_completed": 1665,
    "batch_size": 2,
    "max_seq_length": 1024,
    "seed": 42,
    "deterministic": false,
    "include_think": false
  },
  "model": {
    "name": "unsloth/Qwen3-4B-Thinking-2507",
    "total_params": 4023696926,
    "trainable_params": 1228830,
    "trainable_fraction": 0.00030539825006690877,
    "lower_layers": [
      0,
      1,
      2,
      3,
      4
    ],
    "middle_layers": [
      12,
      13,
      14,
      15,
      16
    ],
    "upper_layers": [
      25,
      26,
      27,
      28,
      29
    ],
    "final_layer_scales": {
      "0": 1.0048142671585083,
      "1": 0.9922038316726685,
      "2": 0.9873386025428772,
      "3": 0.9982119202613831,
      "4": 1.0285887718200684,
      "12": 1.0328482389450073,
      "13": 1.001346468925476,
      "14": 0.977177083492279,
      "15": 1.0063990354537964,
      "16": 1.0223208665847778,
      "25": 1.2146825790405273,
      "26": 1.265464186668396,
      "27": 1.164247751235962,
      "28": 1.0712401866912842,
      "29": 1.0437759160995483
    }
  },
  "objective": {
    "anchor_type": "cosine",
    "layer_objectives": {
      "upper_ce_weight": 0.1,
      "upper_kl_weight": 0.0,
      "upper_anchor_weight": 1,
      "middle_ce_weight": 0.1,
      "middle_kl_weight": 0.0,
      "middle_anchor_weight": 1,
      "lower_ce_weight": 0.1,
      "lower_kl_weight": 0.0,
      "lower_anchor_weight": 1,
      "think_end_weight": 5.0
    },
    "final_losses": {
      "ce": 0.19551458954811096,
      "kl": 824.0,
      "anchor": 0.049128931015729904,
      "upper": 0.1455373615026474,
      "middle": 0.035720497369766235,
      "lower": 0.024783305823802948
    }
  },
  "memory": {
    "peak_vram_allocated_bytes": 11250978304,
    "peak_vram_reserved_bytes": 14902362112,
    "peak_vram_allocated_gb": 10.47829008102417,
    "peak_vram_reserved_gb": 13.87890625
  }
}